intézmény,ország,teljesített tantárgy,Corvinusos  (elfogadtatni kívánt) tantárgy neve,Corvinusos  (elfogadtatni kívánt) tantárgy kódja,tanév
"Aalto University, School of Business",Finland,Integrated Marketing Communications,Marketing,293NMARK370B,2023/24
"Aalto University, School of Business",Finland,Managing Organizational Behaviour,Organizational Theory and Behavior,293NMANK481B,2023/24
"Aalto University, School of Business",Finland,Decision Making and Choice Behavior,Decision Techniques,293NOPRK212B,2023/24
"Aalto University, School of Business",Finland,Entrepreneurship,Entrepreneurship,VF00131NABB,2024/25
"Aalto University, School of Business",Finland,Introduction to Strategic Management,Business Policy and Strategy,VGUG085NABB,2024/25
Aarhus University,Denmark,Marketing Management,Értékesítési és eladástechnikák,MAME030NABB,2023/24
Aarhus University,Denmark,Operations Management,Tevékenységmenedzsment,2VL60NBK10B,2023/24
Aarhus University,Denmark,Management Accounting,Vezetői számvitel,2SA53NCK04B,2023/24
Alexandria University,Egypt,Microeconomics,Microeconomics for Business,KG00064NABB,2024/25
Alexandria University,Egypt,Principles of Financial Accounting,Understanding Financial Statements,PSPS012NABB,2024/25
Alexandria University,Egypt,Business English,English for Career Purposes,IOK0003NABB,2024/25
Alexandria University,Egypt,Macroeconomics,Open-Economy Macroeconomics,KG00065NABB,2024/25
Alexandria University,Egypt,Principles of Management,Management and Organisations,VTVZ001NABB,2024/25
Alexandria University,Egypt,Principles of Marketing,International Marketing,MAMF003NABB,2024/25
Alexandria University,Egypt,Descriptive Statistics,Statistical Business Analytics,MSST013NABB,2024/25
Audencia Nantes School of Management,France,Managing Across Cultures,Cross-Cultural Management,VTSM012NABB,2023/24
Audencia Nantes School of Management,France,European Business Environment and Culture,Economic and Social History,KSPV007NABB,2023/24
Audencia Nantes School of Management,France,European Business Environment and Culture,Economic and Social History,KSPV007NABB,2023/24
Babes-Bolyai University,Romania,Basic Accounting,Számvitel alapjai,PSPS019NMBS,2024/25
Babes-Bolyai University,Romania,Human Resource Management,Szervezeti magatartás és HR,VTSM070NMBS,2024/25
Babes-Bolyai University,Romania,Organizational Human Behaviour,Szervezeti magatartás és HR,VTSM070NMBS,2024/25
Bentley University,USA,Business Processes and Systems,Integrált rendszerek,2IR32NAK12B,2023/24
Bentley University,USA,Introduction to FinTech,Bevezetés a Pénzügyi Technológiákba (FinTech),2SZ31NAK25B,2023/24
BI Norwegian Business School ,Norway,Sustainable Finance ,"Pénzügyi etika, fenntarthatóság",PSBV046NMBB,2023/24
BI Norwegian Business School ,Norway,Managerial Accounting,Vezetői számvitel,PSVS009NMBB,2023/24
Burgundy School of Business,France,"Strategy, SME and entrepreneurship",Entrepreneurship,VF00131NABB,2024/25
"California State University, Sacramento",USA,Environmental Issues and Critical Thinking,Ethics and Green Finance,PSBV106NAMB,2024/25
"California State University, Sacramento",USA,Environmental Ethics,Ethics and Green Finance,PSBV106NAMB,2024/25
Catholic University Of Portugal,Portugal,Contemporary Issues,"Individual, Community, and Society",TARS050NABB,2024/25
Catholic University Of Portugal,Portugal,International Relations,International Politics and Globalization,GLOB038NABB,2024/25
Catholic University of Portugal,Portugal,International Relations,International Politics and Globalization,GLOB038NABB,2024/25
Catholic University of Portugal,Portugal,Contemporary Issues,"Individual, Community, and Society",TARS050NABB,2024/25
Catholic University of Portugal ,Portugal,Public Relations,Crisis Communication,7PE20NGKL6B,2024/25
Catholic University of Portugal ,Portugal,International Marketing,PR and Marketing Communication,7PE20NDVI9B,2024/25
Catholic University of Portugal ,Portugal,Communication and Leadership,Organizational Communication,7PE20NGKD9B,2024/25
Charles III University of Madrid,Spain,Writing and Communication Skills,English for Career Purposes,IOK0003NABB,2024/25
Charles III University of Madrid,Spain,Writing and Communication Skills,English for Academic Purposes,IOK0002NABB,2024/25
Charles University / Univerzita Karlova,Czech Republic,Tools for Modern Macroeconometrics,Gyakorlati makroökonómiai előrejelzés,MN00024NMMB,2023/24
Charles University / Univerzita Karlova,Czech Republic,Applied Microeconometrics,Kauzális adatelemzés,MN00016NMMB,2023/24
Charles University / Univerzita Karlova ,Czech Republic,Game Theory,Game Theory,KG00014NMMB,2023/24
Charles University / Univerzita Karlova ,Czech Republic,International Macroeconomics and Finance,Nyitott gazdaságok makroökonómiája,KG00043NMMB,2023/24
Copenhagen Business School,Denmark,CEMS global strategic management,Global Strategy,2VL60NAK05M,2024/25
Copenhagen Business School,Denmark,Marketing,Marketing,MAME013NMBB,2024/25
Copenhagen Business School,Denmark,Marketing,Marketing,293NMARK370B,2023/24
Copenhagen Business School,Denmark,Introduction to Sustainable Business,Sustainability Management,VGLE035NABB,2023/24
Copenhagen Business School,Denmark,Business Strategy,Business Policy and Strategy,293NBUSS439B,2023/24
Copenhagen Business School,Denmark,Corporate Finance,Corporate Finance,293NFINK351B,2023/24
Copenhagen Business School,Denmark,Business Strategy,Business Policy and Strategy,293NBUSS439B,2023/24
Copenhagen Business School,Denmark,Managerial Accounting,Managerial Accounting,293NACCS314B,2023/24
Copenhagen Business School,Denmark,Language of Negotiations,Business Communication,293NBUSK489B,2023/24
Copenhagen Business School,Denmark,Organizational Behaviour,Organizational Theory and Behavior,293NMANK481B,2023/24
Copenhagen Business School,Denmark,Operations and Logistics Management,Operations Management,293NOPRK313B,2023/24
Copenhagen Business School,Denmark,Final - Organizational Behaviour,Organizational Theory and Behavior,293NMANK481B,2023/24
Cornell University,USA,Global Strategy,Global Strategy,2VL60NAK05M,2024/25
EBS Universität für Wirtschaft und Recht,Germany,International Management,Business Communication,VF00064NABB,2024/25
EBS Universität für Wirtschaft und Recht,Germany,Financial Planning&Analysis for the CFO,Corporate Finance II. (Financing Policy),293NFINS451B,2024/25
EBS Universität für Wirtschaft und Recht,Germany,Personnel Economics for Managers,Human Resources Management,293NMANK485B,2024/25
EBS Universität für Wirtschaft und Recht,Germany,"Strategy, Entrepreneurship&Innovation",Business Policy and Strategy,293NBUSS439B,2024/25
Ecole de Management de Normandie,France,Project management in a digital era,Egyedi projektek vezetése,VF00023NMBB,2024/25
École de Management de Normandie,France,Entrepreneurship in a digital ecosystem,Vállalkozásindító üzleti koncepció,VF00022NMBB,2024/25
École de Management de Normandie,France,Information systems,Üzleti informatika,INIR080NMBB,2024/25
Emlyon Business School,France,Management & cost accounting-GG100A-03,Stratégiai vezetői számvitel,2PU51NCK02M,2023/24
Emlyon Business School,France,Management & cost accounting,Stratégiai vezetői számvitel,2PU51NCK02M,2023/24
Erasmus University Rotterdam,The Netherland,Management and Leadership in Media Organizations,Organizational Communication,7PE20NGKD9B,2024/25
Erasmus University Rotterdam,The Netherland,International and Global Communication,Intercultural Communication,7PE20NGKM1B,2024/25
Erasmus University Rotterdam,The Netherland,Digital Content,"Press Photography, Documentary and Campaign Film-Making",7PE20NGKL2B,2024/25
Erasmus University Rotterdam,The Netherland,Corporate Communication,Business Communication,7PE20NGKL3B,2024/25
Erasmus University Rotterdam,The Netherland,Entrepreneurship Minor,Entrepreneurship,VF00131NABB,2024/25
Erasmus University Rotterdam,The Netherland,Corporate Communication,Üzleti kommunikáció,7PE20NGKD2B,2024/25
Erasmus University Rotterdam,The Netherland,Digital Marketing,Online marketing alapismeretek,2ME43NAK04B,2024/25
Erasmus University Rotterdam,The Netherland,Digital Content,Digitális platformok és műfajok,7PE20NGKD8B,2024/25
Erasmus University Rotterdam,The Netherland,Fundamentals and Practices of International Journalism,Adatújságírás,7PE20NGKD4B,2024/25
Erasmus University Rotterdam,The Netherland,Economics of the Welfare State,Jóléti közgazdaságtan,KG00008NMBB,2024/25
Erasmus University Rotterdam,The Netherland,Sustainable Finance,Ethics and Green Finance,PSBV106NAMB,2024/25
Esade,Spain,Global Strategy,Iparági stratégiák és piacelemzés,VGUG071NMMB,2024/25
Esade,Spain,Digital Strategy,Stratégiai technológia menedzsment,VF00100NMMB,2024/25
"Faculty of Social Sciences, Charles University",Czech Republic,Sociology of voting behaviors,Választási rendszerek és szavazói magatartás,7PO10NCKA7B,2024/25
Groupe Sup de Co Montpellier Business School,France,Non-profit organization management,Közcélú szervezetek vezetésének alapjai,2VE81NAK03B,2023/24
Groupe Sup de Co Montpellier Business School,France,Digital Business Model,E-Business,2EB34NCK06B,2023/24
HEC Paris,France,International strategy,Global Strategy,2VL60NAK05M,2024/25
IÉSEG,France,Responsible Leadership,Cross-Cultural Management,VTSM012NABB,2023/24
IÉSEG,France,Why Culture Matters,Cross-Cultural Management,VTSM012NABB,2023/24
IÉSEG,France,Working effectively in Intercultural Teams ,Cross-Cultural Management,VTSM012NABB,2023/24
Institute of Global Studies,Ukraine,Foreign Policy of the European Countries,European Policies of the EU Member States,NPNK012NAMB,2023/24
Institute of Global Studies,Ukraine,"Foreign Policy of USA, Canada and South America",U.S. Studies,7NK40NBKF7M,2023/24
IPAG Business School,France,Data Analysis for Business Management,Intelligent Systems,INIR082NABB,2024/25
IPAG Business School,France,Innovation & Lean Startup for Entrepreneurs,Entrepreneurship,VF00131NABB,2024/25
IPAG Business School,France,Business Strategy,Business Policy and Strategy,VGUG085NABB,2024/25
Ivey Business School,Canada,Data Management,Business Intelligence,INIR084NAMB,2024/25
Ivey Business School,Canada,Inequality and Business,Globalization and Inequality,GKOI017NAMB,2023/24
Jagiellonian University,Poland,EU in the Multilateral Order - Legal Aspects,European Union Law,7NK40NGKQ1B,2024/25
Jagiellonian University,Poland,Theories of International Relations,Introduction to International Relations,7NK40NCK94B,2024/25
Jean Moulin Lyon 3 University,France,Institutions Européennes,Policies of the EU,7NK40NGK97B,2023/24
Jean Moulin Lyon 3 University,France,Ordre Juridique De L'Union Européenne ,Policies of the EU,7NK40NGK97B,2023/24
Jean Moulin Lyon 3 University,France,Politiques Publiques Internationales,International Political Economy,4VG32NAK61B,2023/24
Johannes Kepler Universität Linz,Austria,Entrepreneurial and Leadership Skills,Entrepreneurship,VF00131NABB,2024/25
Johannes Kepler Universität Linz,Austria,Operations and Supply Chain Management,Tevékenységmenedzsment,2VL60NBK10B,2023/24
Johannes Kepler Universität Linz,Austria,Cross Cultural Management,Kommunikációs gyakorlatok II.,2VE81NCV02B,2023/24
Johannes Kepler Universität Linz,Austria,Operations and Supply Chain Management,Tevékenységmenedzsment,2VL60NBK10B,2023/24
Jönköping University,Sweden,Service Management and Marketing,International Marketing,MAMF003NABB,2023/24
Katholieke Universiteit Leuven,Belgium,Intrapreneurship,Innováció és startupok,INSA012NMBB,2024/25
Katholieke Universiteit Leuven,Belgium,Socially Responsible Marketing,Marketing,MAME013NMBB,2024/25
Katholieke Universiteit Leuven,Belgium,Geopolitics,Regional Studies,7NK40NBKA8B,2024/25
Katholieke Universiteit Leuven,Belgium,Political Economy and Comparative Industrial Relations in Europe,International Political Economy,4VG32NAK61B,2024/25
Katholieke Universiteit Leuven,Belgium,"Labour, Markets, Regulations and Developments in Europe",European Economic Integration,7NK40NGKB2B,2024/25
Katholieke Universiteit Leuven,Belgium,Statistical Modelling,Statisztikai programcsomagok és alkalmazásaik,4ST14NAK02O,2023/24
Katholieke Universiteit Leuven,Belgium,Economic Sociology,Gazdaságszociológia,7SO30NDV15B,2023/24
Katholieke Universiteit Leuven,Belgium,Financial Products,NP V. Numerikus pénzügyek,2BE52NAK08O,2023/24
Kobe University,Japan,Introduction to Marketing,Public Relations and Marketing Communication Design,7PE20NXKJ1M,2024/25
Koç University,Turkey,Mathematics,Mathematics,MSMT043NABB,2024/25
Koç University,Turkey,Financial Accounting,Elements of Accounting,293NACCK191B,2024/25
Koç University,Turkey,Macroeconomics,Macroeconomics,293NECOK136B,2024/25
Koç University,Turkey,Marketing Managment,Marketing,293NMARK370B,2024/25
Korea University Business School ,South Korea,Global Strategy (English),Global Strategy,2VL60NAK05M,2024/25
La Salle University,USA,International Relations,Nemzetközi politikai viszonyok,7NK40NCK04B,2024/25
Leibniz Universität Hannover,Germany,Technology and Innovation Management,Innováció menedzsment,2VL60NBK17M,2024/25
Leibniz Universität Hannover,Germany,Logistik - Logistics,Logisztikai modellek,2VL60NBK14M,2024/25
M. Narikbayev KAZGUU University,Kazakhstan,Philosophy,Philosophy,7PO10NCKA9B,2023/24
M. Narikbayev KAZGUU University,Kazakhstan,Introduction to Political Science,Introduction to Political Science,7PO10NFV63B,2023/24
Maastricht University,The Netherland,Macroeconomics and Finance,Economics III.,KOZG018NABB,2024/25
Maastricht University,The Netherland,Macroeconomics and Economic Policy,Economics III.,KOZG018NABB,2024/25
Maastricht University,The Netherland,ERP and Business Intelligence Systems,Integrált rendszerek,2IR32NAK12B,2023/24
Maastricht University,The Netherland,History of Economic Thought,Közgazdasági elméletek története,KG00029NMBB,2023/24
Maastricht University,The Netherland,Human Resource Management,Human Resources Management,293NMANK485B,2023/24
Maastricht University,The Netherland,Communication and Leadership Skills,Business Communication,VF00064NABB,2023/24
Maastricht University,The Netherland,"Cognition, Learning and Human Performance",Decision Techniques,293NOPRK212B,2023/24
Maastricht University,The Netherland,Corporate Governance,Sustainability Management,VGLE035NABB,2023/24
Maastricht University,The Netherland,History of Economic Thought,Közgazdasági elméletek története,4EL22NAK01O,2023/24
Maastricht University,The Netherland,Accounting and Financial Reporting,Vállalati pénzügyek,2BE52NAK01B,2023/24
Maqsut Narikbayev University,Kazakhstan,Introduction to International Relations,Introduction to International Relations,7NK40NCK94B,2024/25
McGill University,Canada,Management Accounting,Vezetői számvitel,SZAM047NMBB,2024/25
McGill University,Canada,Financial Statement Analysis,Éves beszámoló elemzése,PSVS011NMBB,2024/25
Middle East Technical University,Turkey,Introduction to International Political Economy ,International Political Economy,4VG32NAK61B,2024/25
Middle East Technical University,Turkey,Earth System Science: Economics and Policy,Haladó környezet-gazdaságtan,7GF20NAK05M,2023/24
Middle East Technical University,Turkey,"Environment, Society and Technology","Környezeti hatásvizsgálat (SKV, KHV) és tervezés",7GF20NBK08M,2023/24
Middle East Technical University,Turkey,"Environment, Society and Technology",Nemzetközi klímastratégiák és környezeti indikátorok,7GF20NBK09M,2023/24
Middle East Technical University,Turkey,Problems in International Security,Európán kívüli térségek kultúrái és politikai rendszerei,7NK40NGKM1M,2023/24
Middle East Technical University,Turkey,Digital Marketing and Advertising,Digitális marketing,2ME43NAK06M,2023/24
Middle East Technical University,Turkey,Digital Marketing and Advertising,Digitális marketing,2ME43NAK06M,2023/24
Moscow State Institute of International Relations,Russia,Statistics,Statistical Business Analytics,MSST013NABB,2024/25
Moscow State Institute of International Relations,Russia,Microeconomics,Microeconomics for Business,KG00064NABB,2024/25
Moscow State Institute of International Relations,Russia,Economic Informatics,Digital Technologies in Business,INIR079NABB,2024/25
Moscow State Institute of International Relations,Russia,English second,English for Academic Purposes,IOK0002NABB,2024/25
Moscow State Institute of International Relations,Russia,English,English for Career Purposes,IOK0003NABB,2024/25
Moscow State Institute of International Relations,Russia,Management,Management and Organisations,VTVZ001NABB,2024/25
Moscow State Institute of International Relations,Russia,Macroeconomics,Open-Economy Macroeconomics,KG00065NABB,2024/25
Moscow State Institute of International Relations,Russia,Marketing,International Marketing,MAMF003NABB,2024/25
Moscow State Institute of International Relations,Russia,Accounting,Understanding Financial Statements,PSPS012NABB,2024/25
Moscow State Institute of International Relations,Russia,"Money, Credit, Banks",Corporate Finance and Investments,PSBV028NABB,2024/25
Moscow State Institute of International Relations,Russia,Economic Political Science,Comparative Political Economy,GKOI006NABB,2024/25
Moscow State Institute of International Relations,Russia,Econometrics,Business Decision Analytics,MSOA007NABB,2024/25
Moscow State Institute of International Relations,Russia,World Economy,International Trade Practices,VF00007NABB,2024/25
Moscow State Institute of International Relations,Russia,Optimization Methods and Game Theory,Corporate Decision Theory,PENZ033NNBB,2024/25
Nantes Audencia Business School,France,Data analytics in python and machine learning / Data analytics fundamentals,"Befektetési ismeretek, Bloomberg",PSBV050NMBB,2024/25
National Research University Higher School of Economics,Russia,Introduction to Modern Political Science,Introduction to Political Science,7PO10NFV63B,2023/24
National Research University Higher School of Economics,Russia,Law,Introduction to Law,7NK40NAK88B,2023/24
National Research University Higher School of Economics,Russia,Economics,Introduction to Economics,KOZG005NABB,2023/24
National University of Costa Rica,Costa Rica,Computer Science and Research Techniques,"Research Methodology: Theories, Concepts and Research Design I.",GLOB068NABB,2024/25
National University of Costa Rica,Costa Rica,General Economics,Introduction to Economics,KOZG005NABB,2024/25
National University of Costa Rica,Costa Rica,General Statistics,Statistics,4ST14NAK10B,2024/25
National University of Costa Rica,Costa Rica,History of International Relations,Social History,7GT02NBK99B,2024/25
National University of Costa Rica,Costa Rica,International Communication Analysis,Communication Workshop,7PE20NAK45B,2024/25
National University of Costa Rica,Costa Rica,International Organizations,International Organisations,7NK40NBKA5B,2024/25
National University of Costa Rica,Costa Rica,International Peace and Security,Security Studies,7NK40NBKB8B,2024/25
National University of Costa Rica,Costa Rica,Introduction to International Law,International Law I,7NK40NCK90B,2024/25
National University of Costa Rica,Costa Rica,Research Seminar,"Research Methodology: Theories, Concepts and Research Design II.",GLOB069NABB,2024/25
National University of Costa Rica,Costa Rica,Social Theory and International Relations,International Relations from 1815 to 1945,7NK40NCK80B,2024/25
National University of Costa Rica,Costa Rica,Theory and Approaches to International Relations,Introduction to International Relations,7NK40NCK94B,2024/25
National University of Singapore,Singapore,Business Analytics ,Döntéselmélet,2VL60NCV01M,2023/24
National University of Singapore,Singapore,Corporate Finance,Haladó vállalati pénzügy,2BE52NAK01M,2023/24
National University of Singapore,Singapore,Business Project,Működésfejlesztési és digitalizációs projektek vezetése,VEZ0057NMMB,2023/24
National University of Singapore,Singapore,Leadership,Global Leadership,VGDE009NAMB,2023/24
National University of Singapore,Singapore,Global Citizenship,Global Citizenship,PSPS011NAMB,2023/24
Newton Free School,Georgia,Standard level Mathematics: applications and interpretation,Statistics,4ST14NAK10B,2024/25
Norwegian School of Economics,Norway,Global Strategy,Global Strategy,2VL60NAK05M,2024/25
Norwegian School of Economics,Norway,Advanced Derivatives,Quantitative Finance,PSBV118NAMB,2024/25
Norwegian School of Economics,Norway,Sustainability & ESG Reporting,Ethics and Green Finance,PSBV106NAMB,2024/25
Norwegian School of Economics,Norway,Applied Data Science,Business Intelligence,INIR084NAMB,2024/25
Norwegian School of Economics,Norway,Economics of the Environment and Climate,Environmental Economics and Policy,FENT013NAMB,2024/25
Norwegian School of Economics,Norway,Consumer Behaviour,Theory of consumption and Consumer Behaviour,MARK035NAMB,2024/25
Nottingham Trent University,United Kingdom,"Writing for Magazines: Regional, National and International Contexts",Adatújságírás,7PE20NGKD4B,2024/25
Nottingham Trent University,United Kingdom,Film and TV Style in Close-up,Digitális agóra,7PE20NGKD5B,2024/25
Nottingham Trent University,United Kingdom,Data and Decision Making for Managers,Döntéselmélet,2VL60NCV01M,2024/25
Nottingham Trent University,United Kingdom,Marketing Fundamentals,Marketingmenedzsment,2MA41NAK01M,2024/25
Nottingham Trent University,United Kingdom,Finance for Managers,Haladó vállalati pénzügy,2BE52NAK01M,2024/25
Nottingham Trent University,United Kingdom,International Business & Communication,Business Communication,VF00064NABB,2023/24
Nottingham Trent University,United Kingdom,Management Accounting for Decision Making,Managerial Accounting,293NACCS314B,2023/24
Nottingham Trent University,United Kingdom,Creative Documentary,"Sajtófotó, kampány- és dokumentumfilm",7PE20NGKJ7B,2023/24
Nottingham Trent University,United Kingdom,Digital Journalism,Adatújságírás,7PE20NGKD4B,2023/24
Nottingham Trent University ,United Kingdom,Managing and Organising,Human Resources Management,293NMANK485B,2023/24
NOVA School of Business and Economics,Portugal,Global Strategic Management,Global Strategy,2VL60NAK05M,2024/25
NOVA School of Business and Economics,Portugal,Law in Economics and Business,Law and Economics,KOZNXV4KZ57,2024/25
Nova School of Business and Economics,Portugal,Wicked Global Leadership TA,Global Leadership,VGDE009NAMB,2024/25
Nova School of Business and Economics,Portugal,Global Citizenship Seminar,Global Citizenship,PSPS011NAMB,2024/25
NOVA School of Business and Economics,Portugal,Fintech Ventures,Fintech,INSA031NMMB,2023/24
Otto Friedrich Universität Bamberg,Germany,Global Marketing,Marketing,293NMARK370B,2024/25
Örebro University,Sweden,Management of Business Logistics,Tevékenységmenedzsment,2VL60NBK10B,2023/24
Pforzheim University,Germany,International Financial Reporting Standards (IFRS),Nemzetközi számvitel,2SZ53NDK12B,2023/24
Pforzheim University,Germany,Financial Modelling for Corporate Finance and Corporate Valuation,Vállalatértékelés,2BE52NCK06B,2023/24
Pforzheim University,Germany,Investment Banking and Corporate Finance ,Vállalatértékelés,2BE52NCK06B,2023/24
Plekhanov Russian University of Economics,Russia,Microeconomics,Microeconomics for Business,KG00064NABB,2023/24
Plekhanov Russian University of Economics,Russia,Mathematical Analysis,Mathematics,MSMT043NABB,2023/24
Plekhanov Russian University of Economics,Russia,Marketing,Marketing,293NMARK370B,2023/24
Plekhanov Russian University of Economics,Russia,Entrepreneurship,Entrepreneurship,VF00131NABB,2023/24
Plekhanov Russian University of Economics,Russia,Institutional Economics,Institutional Economics,GKOI026NABB,2023/24
Plekhanov Russian University of Economics,Russia,Informational Technology and Systems in the field of economics ,Data Analysis I.,MSST044NABB,2023/24
Plekhanov Russian University of Economics,Russia,Linear Algebra ,Mathematics,MSMT043NABB,2023/24
Prague University of Economics and Business,Czech Republic,Scenario planning for the strategic management,Design thinking,VF00102NMMB,2024/25
Prague University of Economics and Business,Czech Republic,Entrepreneurship and New Business Venturing,Start-up menedzsment,VF00103NMMB,2024/25
Prague University of Economics and Business,Czech Republic,International Strategy,Global Strategy,2VL60NAK05M,2024/25
Prague University of Economics and Business,Czech Republic,International Financial Management,"Befektetési ismeretek, Bloomberg",PSBV050NMBB,2024/25
Prague University of Economics and Business,Czech Republic,Corporate finance,Pénzügyi esettanulmányok,PSBV051NMBB,2024/25
Prague University of Economics and Business,Czech Republic,Marketing Communications,Marketing,MAME013NMBB,2024/25
Prague University of Economics and Business,Czech Republic,Information for Business,E-Business,2EB34NCK06B,2023/24
Prague University of Economics and Business,Czech Republic,Sales Management ,Értékesítési és eladástechnikák,MAME030NABB,2023/24
Queen Margaret University,United Kingdom,Media and Communications Industries,Media Economics,7PE20NCKD5B,2024/25
Radboud University Nijmegen,The Netherland,Advanced Corporate Finance and Control,Corporate Finance in a Global Economy: Challenges and Opportunities,7VG32NBKF9M,2024/25
Radboud University Nijmegen,The Netherland,Comparative Politics: Democratisation,Választási rendszerek és szavazói magatartás,7PO10NCKA7B,2024/25
Radboud University Nijmegen,The Netherland,Comparative Analysis of Forgein Policy,Politikai elemzés,7PO10NDK14B,2024/25
Radboud University Nijmegen,The Netherland,"Politics, Ethics and Practice",Politika és etika,7PO10NCK54B,2024/25
Reichman University,Israel,China: Society and Politics,China Studies,7NK40NFVG7B,2024/25
Reichman University,Israel,International Law,International Law I,7NK40NCK90B,2024/25
Reichman University,Israel,International Law,International Law II,7NK40NCK93B,2024/25
Reichman University,Israel,Introduction to Diplomacy and Global Studies,Global Social Change and Inequalities,7SO30NBKO3B,2024/25
"Rotterdam School of Management, Erasmus University",The Netherland,Organisation Development and Change Management - Science of Change and Art of Changing Organisations,Változásvezetés,VTVZ017NMMB,2023/24
Rutgers University,USA,Statistics,Statistics I.,MSST024NABB,2023/24
Rutgers University,USA,Money Banking finance,Corporate Finance II. (Financing Policy),293NFINS451B,2023/24
Rutgers University,USA,Calculus 1,Mathematics I. (Calculus),MSMT018NABB,2023/24
RWTH Aachen University,Germany,Lecture Social Psychology (Individuals and Technology),Gazdaságszociológia,7SO30NDV15B,2024/25
RWTH Aachen University,Germany,Consumer Behavior,Fogyasztói magatartás,2MF44NCK02B,2023/24
RWTH Aachen University,Germany,Entscheidungslehre,Döntési technikák,2VL60NBK03B,2023/24
Santa Barbara City College ,USA,Philosophy,Philosophy,7PO10NCKA9B,2023/24
Santa Monica College,USA,Corporate Financial and Managerial Accounting,Managerial Accounting,SZAM044NABB,2024/25
Santa Monica College,USA,International Political Economy: Introduction to Global Studies,International Economics,293NECOK238B,2024/25
Sciences Po,France,Strategic studies,Biztonságpolitika,7NK40NCK86B,2024/25
Sciences Po,France,France's foreign policy in the Middle East from 1995 to the present (Middle East studies),Francia külpolitika a XX. században,7NK40NFV30B,2024/25
SGH Warsaw School of Economics,Poland,Global Citizenship,Global Citizenship,MARK061NAMB,2024/25
SGH Warsaw School of Economics,Poland,Global Strategy,Global Strategy,2VL60NAK05M,2024/25
Shanghai International Studies University,China,European Union Studies,Európa-tanulmányok,7NK40NCKI6B,2024/25
Smith School of Business at Queen's University,Canada,Managing Across Cultures,Cross-Cultural Management,VTSM012NABB,2023/24
Smith School of Business at Queen's University,Canada,"Business, Government, and the Global Economy",Global Markets & Players,VF00005NABB,2023/24
Snow College,USA,Introduction to Sociology SS,Foundations of Sociology,7SO30NBK97B,2023/24
Snow College,USA,Intro to Philosophy HU,Philosophy,7PO10NCKA9B,2023/24
Sogang University,South Korea,Creativity & Visual Expression,Visual and Virtual Communication,7PE20NGKL1B,2024/25
Sogang University,South Korea,The Art of Storytelling,"Press Photography, Documentary and Campaign Film-Making",7PE20NGKL2B,2024/25
St. Petersburg State University,Russia,English ,English for Specific Purposes I.,MAMM021NABB,2023/24
St. Petersburg State University,Russia,Marketing,Marketing,293NMARK370B,2023/24
St. Petersburg State University,Russia,Human Resource Management ,Human Resource Management,VTSM126NABB,2023/24
St. Petersburg State University,Russia,Business History ,Economic history,KOZG020NABB,2023/24
St. Petersburg State University,Russia,International Economics and Business,International Business,VF00133NABB,2023/24
St. Petersburg State University,Russia,Organisational Behaviour,Organizational Theory and Behavior,293NMANK481B,2023/24
St. Petersburg State University,Russia,Management accounting ,Managerial Accounting,SZAM044NABB,2023/24
St. Petersburg State University,Russia,Corporate Social Responsibility,Corporate Social Responsibility,VGDE035NABB,2023/24
St. Petersburg State University,Russia,Quantitative Methods of Decision Making,Quantitative Methods,MSOA047NABB,2023/24
St. Petersburg State University,Russia,Financial Accounting ,Elements of Accounting,293NACCK191B,2023/24
St. Petersburg State University,Russia,Statistics,Data Analysis II. (Probability and Statistics),ADIN038NABB,2023/24
St. Petersburg State University,Russia,Operations Management,Operations Management,293NOPRK313B,2023/24
St. Petersburg State University,Russia,Mathematics for Managers,Mathematics,MSMT043NABB,2023/24
St.Petersburg State University of Economics,Russia,Marketing,Marketing,293NMARK370B,2024/25
St.Petersburg State University of Economics,Russia,Entrepreneurship,Entrepreneurship,VF00131NABB,2024/25
St.Petersburg State University of Economics,Russia,Public Sector Economics,Institutional Economics,GKOI026NABB,2024/25
St.Petersburg State University of Economics,Russia,Accounting and analysis,Elements of Accounting,293NACCK191B,2024/25
St.Petersburg State University of Economics,Russia,Decision techniques,Decision Techniques,VGDE034NABB,2024/25
St.Petersburg State University of Economics,Russia,Internalization of small and medium size businesses,International Business,VF00133NABB,2024/25
St.Petersburg State University of Economics,Russia,International Management,Business Policy and Strategy,VGUG085NABB,2024/25
St.Petersburg State University of Economics,Russia,Legal studies,Introduction to Legal Studies and Taxation,PSGJ048NABB,2024/25
State University of Aerospace Instrumentation,Russia,Philosophy,Philosophy,7PO10NCKA9B,2024/25
State University of Aerospace Instrumentation,Russia,Statistics,Statistics,4ST14NAK10B,2024/25
State University of Aerospace Instrumentation,Russia,Economics,Introduction to Economics,KOZG005NABB,2024/25
State University of Aerospace Instrumentation,Russia,Sociology,Foundations of Sociology,7SO30NBK97B,2024/25
State University of Aerospace Instrumentation,Russia,Political Science,Introduction to Political Science,7PO10NFV63B,2024/25
State University of New York at Oswego,USA,Social Networks and the Web,E-Business,2EB34NCK06B,2023/24
State University of New York at Oswego,USA,Leadership,"Induló vállalkozások üzleti tervezése, menedzsmentje",2KV71NDK11B,2023/24
State University of New York at Oswego,USA,Materials Management,Tevékenységmenedzsment,2VL60NBK10B,2023/24
Stiftelsen Hogskolan I Jonkoping,Sweden,Marketing Management,Marketing,MAME013NMBB,2024/25
Stiftelsen Hogskolan i Jonkoping,Sweden,Supply Chain Management,Tevékenységmenedzsment,2VL60NBK10B,2023/24
Stockholm School of Economics,Sweden,Ideation - Creating a Business Idea,Entrepreneurship,VF00131NABB,2024/25
Stockholm School of Economics,Sweden,Business Model Innovation,Innovation Management,VF00137NABB,2024/25
Svenska Handelshögskolan (Hanken School of Economics),Finland,Managerial Accounting,Vezetői számvitel,SZAM047NMBB,2024/25
Svenska Handelshögskolan (Hanken School of Economics),Finland,Digital Technologies in Marketing,Marketing,MAME013NMBB,2024/25
Svenska Handelshögskolan (Hanken School of Economics),Finland,Financial Accounting for Decision Makers,Éves beszámoló elemzése,PSVS011NMBB,2024/25
Swansea University,United Kingdom,Decision Analysis,Decision Techniques,293NOPRK212B,2023/24
Swansea University,United Kingdom,Finance for Economics,Corporate Finance,293NFINK351B,2023/24
Swansea University,United Kingdom,International Marketing,Marketing,293NMARK370B,2023/24
Swansea University,United Kingdom,Sustainability and Environmental Management,Sustainability Management,VGLE035NABB,2023/24
The Hong Kong University of Science and Technology,Hong Kong,Strategic Management in Asia,Global Strategy,2VL60NAK05M,2024/25
The Hong Kong University of Scinece and Technology,Hong Kong,International Trade and Investment,International Economics,293NECOK238B,2024/25
The Hong Kong University of Scinece and Technology,Hong Kong,Corporate Strategy,Business Policy and Strategy,VGUG085NABB,2024/25
The Hong Kong University of Scinece and Technology,Hong Kong,Entrepreneurship and Innovation,Entrepreneurship,VF00131NABB,2024/25
The University of Edinburgh,United Kingdom,Principles of Finance,Applied Corporate Finance,293NFINK502M,2024/25
The University of Edinburgh,United Kingdom,Economic Issues in Public Policy ,Közösségi gazdaságtan,4KO03NBK66M,2023/24
The University of Sydney,Australia,Advanced Strategy,Global Strategy,2VL60NAK05M,2024/25
The University of Sydney,Australia,Digital Business Transformation,Change Management,293NMANV771M,2024/25
The University of Sydney,Australia,Global Business,Global Marketing,293NMARK676M,2024/25
The University of Sydney,Australia,Global Strategy,Global Strategy,2VL60NAK05M,2024/25
The University of Sydney,Australia,International Business Finance,Applied Corporate Finance,PSBV098NAMB,2024/25
The University of Sydney,Australia,Global Leadership,Global Leadership,VGDE009NAMB,2024/25
The University of Sydney,Australia,Global Citizenship Seminar,Global Citizenship,PSPS011NAMB,2024/25
Tilburg University,The Netherland,Decision Support Systems,Intelligent Systems,INIR082NABB,2024/25
Tilburg University,The Netherland,Entrepreneurship Theory and  Practice,Entrepreneurship,VF00131NABB,2024/25
Tilburg University,The Netherland,International Organizations,International Organisations,7NK40NBKA5B,2024/25
Tilburg University,The Netherland,Digital Transformation and Innovation,Digitalizáció és üzleti modellek,VF00098NMMB,2024/25
Tilburg University,The Netherland,International Strategy,Vállalkozások nemzetközi növekedése,VF00096NMMB,2024/25
Tilburg University,The Netherland,Macro 2 : International Finance,International Economics,KG00039NABB,2024/25
Tilburg University,The Netherland,Micro 4: Industrial Economics,Industrial Organization,KG00049NABB,2024/25
Tilburg University,The Netherland,Public Sector Economics for Eco,Public Economics,GKKK027NABB,2024/25
Tilburg University,The Netherland,Attitudes and Advertising ,Gazdaságpszichológia,7FI01NDV05B,2023/24
Tilburg University,The Netherland,Organization Development ,Szervezetfejlesztés,2VE81NBK05B,2023/24
Tilburg University,The Netherland,Information Management,E-Business,2EB34NCK06B,2023/24
Tilburg University,The Netherland,Organization Development,Szervezetfejlesztés,2VE81NBK05B,2023/24
Tilburg University,The Netherland,Decision Making in Marketing,Marketing,293NMARK370B,2023/24
Tilburg University,The Netherland,Strategic Decision Making,Decision Techniques,293NOPRK212B,2023/24
Tilburg University,The Netherland,"Sustainability, Health and Well-being",Sustainability Management,VGLE035NABB,2023/24
Tilburg University,The Netherland,Business Law for IBA,Introduction to Legal Studies,293NLAWK462B,2023/24
Toronto Metropolitan University,Canada,Human Resource Management,Human Resource Management,VTSM126NABB,2024/25
Toronto Metropolitan University,Canada,Intro Management Accounting,Managerial Accounting,SZAM044NABB,2024/25
Toronto Metropolitan University,Canada,Intro Financial Accounting,Elements of Accounting,293NACCK191B,2024/25
Toronto Metropolitan University,Canada,Organizational Behaviour,Organizational Theory and Behavior,293NMANK481B,2024/25
Toronto Metropolitan University,Canada,Applied Mathematics for Business,Mathematics,MSMT043NABB,2024/25
Toronto Metropolitan University,Canada,Introductory Microeconomics,Microeconomics for Business,KG00064NABB,2024/25
Toronto Metropolitan University,Canada,Introductory Macroeconomics,Macroeconomics,293NECOK136B,2024/25
Toronto Metropolitan University,Canada,Operations Management,Operations Management,293NOPRK313B,2024/25
Toronto Metropolitan University,Canada,Managerial Finance I,Corporate Finance,293NFINK351B,2024/25
Toronto Metropolitan University,Canada,Principles of Marketing,Marketing,293NMARK370B,2024/25
Toronto Metropolitan University,Canada,Statistics for Accounting and Finance,Data Analysis II. (Probability and Statistics),ADIN038NABB,2024/25
Toronto Metropolitan University,Canada,Business Decision Making,Decision Techniques,VGDE034NABB,2024/25
Toronto Metropolitan University,Canada,Business Law,Introduction to Legal Studies and Taxation,PSGJ048NABB,2024/25
Toronto Metropolitan University,Canada,Intro to Global Management,Global Sustainability Challanges,NPGG046NABB,2024/25
Tsinghua University,China,International Growth Strategy,Global Strategy,2VL60NAK05M,2024/25
UCD Michael Smurfit Graduate Business School,Ireland,Global Strategy,Global Strategy,2VL60NAK05M,2024/25
UCD Michael Smurfit Graduate Business School,Ireland,Pricing Strategy,Árpolitika,2MA41NCK05M,2023/24
Univeristy of Limerick,Ireland,Global Politcal Economy,International Political Economy,4VG32NAK61B,2023/24
"Universidad Complutense 
de Madrid",Spain,Economic Law,Gazdasági jog,2JO11NAK02B,2023/24
"Universidad Complutense 
de Madrid",Spain,Market Research ,A szervezetkutatás kvalitatív és kvantitatív módszerei,2VE81NAK17B,2023/24
"Universidad Complutense 
de Madrid",Spain,Organization and Design,Szervezetfejlesztés,2VE81NBK05B,2023/24
Universidad de Deusto,Spain,Entrepreneurship,Entrepreneurship,VF00131NABB,2024/25
Universidad de Deusto,Spain,International business in a changing world,International Business,VF00133NABB,2024/25
Universidad de Deusto,Spain,Corporate Strategic Analysis,Business Policy and Strategy,VGUG085NABB,2024/25
Universidad de Granada,Spain,Desarollo de personas y grupos en las organizaciones,Szervezetfejlesztés,2VE81NBK05B,2023/24
Universidad de Granada,Spain,Sociología del trabajo y de las organizaciones,Gazdaságszociológia,7SO30NDV15B,2023/24
Universidad de Murcia,Spain,Economía Global y Comercio Exterior,International Economics,4VG32NAK60B,2023/24
Universidad de Murcia,Spain,La Unión Europea y Su Derecho,European Union Law,7NK40NGKQ1B,2023/24
Universidad de Murcia,Spain,Teoría y Fundamentos de las Relaciones Internacionales,Introduction to International Relations,7NK40NCK94B,2023/24
Universidad de Navarra,Spain,E-commerce,E-Business,2EB34NCK06B,2023/24
Universidad de Navarra,Spain,Family Business,"Induló vállalkozások üzleti tervezése, menedzsmentje",2KV71NDK11B,2023/24
Universidad Torcuato di Tella,Argentina,Comercio Internacional/International Trade,Global Markets & Players,VF00005NABB,2023/24
Universidad Torcuato di Tella,Argentina, Argentine Foreign Policy/Política Exterior Argentina,Economic and Social History,KSPV007NABB,2023/24
Universidade Catolica Portuguesa,Portugal,Social Philosophy and Ethics,Economic and Social History,KSPV007NABB,2023/24
Universidade Catolica Portuguesa,Portugal,New Marketing Trends,International Marketing,MAMF003NABB,2023/24
Universidade Católica Portuguesa,Portugal,Contemporary Issues,"Individual, Community, and Society",TARS050NABB,2024/25
Universidade Católica Portuguesa,Portugal,International Relations,International Politics and Globalization,GLOB038NABB,2024/25
Universidade Católica Portuguesa,Portugal,Foundations of Macroeconomics (1),Makroökonómia,KG00093NMBB,2024/25
Universidade Católica Portuguesa,Portugal,International Marketing,Marketingmenedzsment,2MA41NAK01M,2024/25
Universidade Católica Portuguesa,Portugal,Regression Analysis and Multivariate data analysis,Többváltozós adatelemzés,4OP13NAK04O,2024/25
Universidade de Coimbra,Portugal,Economia da Saúde/Health Economics,Bevezetés az egészségügy közgazdaságtanába,4KO03NAK35B,2024/25
Universidade Nova de Lisboa,Portugal,Economic History,Economic and Social History,KSSZ008NABB,2024/25
Universidade Nova de Lisboa,Portugal,Business Law,Business Law,PSGJ013NABB,2024/25
Universidade Nova de Lisboa,Portugal,Applied Sustainable and Responsible Finance,Corporate Sustainability and Green Management,FENT035NAMB,2024/25
Universidade Nova de Lisboa,Portugal,Global Citizenship,Global Citizenship,PSPS011NAMB,2024/25
Universidade Nova de Lisboa,Portugal,Wicked Global Leadership,Global Leadership,VGDE009NAMB,2024/25
"Universidade NOVA de Lisboa, School of Social Sciences and Humanities",Portugal,Semiotics/Semiótica,(Media) Semiotics,7PE20NGKK8B,2023/24
"Universidade NOVA de Lisboa, School of Social Sciences and Humanities",Portugal,Economics and Geopolitics of the Media / Economia e geopolítica dos media,Media Economics,7PE20NCKD5B,2023/24
"Universidade NOVA de Lisboa, School of Social Sciences and Humanities",Portugal,Business Communication / Comunicaçao Empresarial,Business Communication,7PE20NGKL3B,2023/24
Universita Ca'Foscari Venezia,Italy,Marketing,Marketing,293NMARK370B,2023/24
Universita Ca'Foscari Venezia,Italy,Corporate Finance,Corporate Finance,293NFINK351B,2023/24
Universita Ca'Foscari Venezia,Italy,Making Decisions,Decision Techniques,293NOPRK212B,2023/24
Universita Ca'Foscari Venezia,Italy,Change Management For Sustainability,Sustainability Management,VGLE035NABB,2023/24
Università Cattolica del Sacro Cuore,Italy,Logistics and Operations Management,Operations Management,293NOPRK313B,2024/25
Università Cattolica del Sacro Cuore,Italy,Management Accounting,Managerial Accounting,293NACCS314B,2024/25
Università Cattolica del Sacro Cuore,Italy,International Corporate Finance,Corporate Finance II. (Financing Policy),293NFINS451B,2024/25
Università Cattolica del Sacro Cuore,Italy,HR Management,Human Resources Management,293NMANK485B,2024/25
Universita Commerciale Luigi Bocconi,Italy,Technology and Innovation Strategy,Stratégiai technológia menedzsment,VF00100NMMB,2024/25
Universita Commerciale Luigi Bocconi,Italy,Management Consulting,Iparági stratégiák és piacelemzés,VGUG071NMMB,2024/25
Universita Commerciale Luigi Bocconi,Italy,International Economics,Global Markets & Players,VF00005NABB,2024/25
Universita Commerciale Luigi Bocconi,Italy,Communication and Cultural Consumption Decisions,Cross-Cultural Management,VTSM012NABB,2024/25
Universita Commerciale Luigi Bocconi,Italy,"Geopolitics: History, Geography and Power Dynamics",Economic and Social History,KSPV007NABB,2024/25
Universitá Commerciale Luigi Bocconi ,Italy,Communication and cultural consumption decisions,Cross-Cultural Management,VTSM012NABB,2023/24
Universitá degli Studi di Cagliari,Italy,European Integration,Európa-tanulmányok,7NK40NCKI6B,2024/25
Universitá degli Studi di Cagliari,Italy,Relazioni Internazionali,Nemzetközi politikai viszonyok,7NK40NCK04B,2024/25
Universitá degli Studi di Cagliari,Italy,International Economics,Nemzetközi gazdaságtan,7VG32NAK03B,2024/25
Universitá degli Studi di Cagliari,Italy,Contemporary China,Kína-tanulmányok,7NK40NFV83B,2024/25
Universitá degli Studi di Cagliari,Italy,Metodi per la Ricerca Sociale,A társadalomkutatás módszerei,7SO30NEK17B,2024/25
Universitat de Barcelona,Spain,International Economics,International Economics,NPVG038NABB,2024/25
Universitat de Barcelona,Spain,Organització Industrial,Industrial Organization,KG00049NABB,2024/25
Universitat de Barcelona,Spain,Forecasting Methods,Econometrics II.,MSST002NABB,2024/25
Universitat de Barcelona,Spain,Spanish and European Union Economic Policy,Európai politikák,7NK40NGK75B,2023/24
Universität Passau,Germany,Supply Chain and Operations Management,Tevékenységmenedzsment,2VL60NBK10B,2024/25
Universität Passau,Germany,Grundlagen der Wirtschaftsinformatik,Informationsmanagement,INIR012NMBB,2024/25
Universität Passau,Germany,Institutionenökonomik,Intézményi közgazdaságtan,4OG33NAV27B,2024/25
Universität Passau,Germany,Strategic Management,Stratégiai és üzleti tervezés,VTVT009NMBB,2024/25
Universität Passau,Germany,Corporate Finance,Investition und Finanzierung,2DS91NAK03B,2024/25
Universität Passau,Germany,Einführung in die Europäische Integration,Európai Uniós ismeretek,7NK40NGK89B,2024/25
Universität Passau,Germany,Marketing,Grundlagen des Marketing,2MF44NBK01B,2024/25
Universität Passau,Germany,Grundlagen der Wirtschaftsinformatik,Informationsmanagement,DSG0001NNBB,2024/25
Universität Passau,Germany,Corporate Finance,Vállalati pénzügyek (IMP-SPM),2BE52NAK04B-SPM,2024/25
Universität Passau,Germany,Grundlagen der Wirtschaftsinformatik,Informationsmanagement,INIR012NMBB,2024/25
Universität Passau,Germany,Institutionenökonomik,Intézményi közgazdaságtan,4OG33NAV27B,2024/25
Universitat Ramon Llull Fundacio,Spain,Global Leadership,Global Leadership,VGDE009NAMB,2024/25
Universitat Ramon Llull Fundacio,Spain,Global Citizenship Seminar,Global Citizenship,PSPS011NAMB,2024/25
Universität zu Köln,Germany,Entrepreneurship (MESS),Entrepreneurship,VF00131NABB,2024/25
Universität zu Köln,Germany,Global Strategy,Global Strategy,2VL60NAK05M,2024/25
Universität zu Köln,Germany,Introduction to Data Science and Machine Learning,A mesterséges intelligencia alapjai,INSA011NMBB,2024/25
Universität zu Köln,Germany,Methods of Marketing Mix Management,Marketing,MAME013NMBB,2024/25
Universität zu Köln,Germany,Operations Management,Tevékenységmenedzsment,2VL60NBK10B,2023/24
Universität zu Köln,Germany,Model UNFCCC - Climate Change Strategy Role Play,Policies for a green and climate-friendly economy,7GF20NBK12M,2023/24
Universität zu Köln,Germany,Behavioral Economics ,Decision Techniques,293NOPRK212B,2023/24
Universität zu Köln,Germany,Fundamentals of Financial Management,Corporate Finance,293NFINK351B,2023/24
Universität zu Köln,Germany,Innovation and Sustainable Development in the Global South,Sustainability Management,VGLE035NABB,2023/24
Universität zu Köln,Germany,Business English,Business Communication,VF00064NABB,2023/24
Universität zu Köln,Germany,Methods of Marketing Mix Management,Marketing,293NMARK370B,2023/24
Universität zu Köln,Germany,Brand Management in the New Consumer World,Brand Strategies,MARK079NAMB,2024/25
Universität zu Köln,Germany,Statistics for Data Analytics,Advanced Marketing Research,MARK085NAMB,2024/25
Universite de Strasbourg,France,Big Data Analytics and Artificial Intelligence,Intelligent Systems,INIR082NABB,2024/25
Universite de Strasbourg,France,Basics in Entrepreneurship,Entrepreneurship,VF00131NABB,2024/25
Universite de Strasbourg,France,Sustainable marketing,Marketingtervezés (Üzleti esetek),2MA41NCK06B,2023/24
Université de Strasbourg,France,Services marketing and management,Start-up menedzsment,VF00103NMMB,2024/25
Université de Strasbourg,France,Delivering Values in the Digital Age,Design thinking,VF00102NMMB,2024/25
Universiteit Antwerpen,Belgium,Europe in a Global Order,Human Geography,7NK40NBKA4B,2024/25
Universiteit Antwerpen,Belgium,International Economics,International Economics,NPVG038NABB,2024/25
Universiteit Antwerpen,Belgium,European Integration,Policies of the EU,7NK40NGK97B,2023/24
Universiteit Antwerpen,Belgium,Issues International Relations,Introduction to International Relations,7NK40NCK94B,2023/24
University College Dublin,Ireland,The Role of International Law in IR,Nemzetközi jog II.,7NK40NCK10B,2024/25
University College Dublin,Ireland,Issues in European Integration,Európai politikák,7NK40NGK75B,2024/25
University College Dublin,Ireland,Financial Statement Analysis,Corporate Finance II. (Financing Policy),293NFINS451B,2024/25
University College Dublin,Ireland,Business Plan,Business Policy and Strategy,293NBUSS439B,2024/25
University College Dublin,Ireland,Sustainable Operations & Supply Chain Management,Operations Management,293NOPRK313B,2024/25
University College Dublin,Ireland,Business Analytics,Intelligent Systems,293NCOMK534B,2024/25
University College Dublin,Ireland,Human Resource Management,Human Resources Management,293NMANK485B,2024/25
University College Dublin,Ireland,International Political Economy,Nemzetközi gazdasági kapcsolatok,7VG32NCK01B,2024/25
University College Dublin,Ireland,The Role of International Law in IR,Nemzetközi jog II.,7NK40NCK10B,2024/25
University College Dublin,Ireland,Introduction to European Integration,Európa-tanulmányok,7NK40NCKI6B,2024/25
University College Dublin,Ireland,Foundations of Contemporary Politics; Foundations of Political Research,Comparative Politics,TARS043NABB,2023/24
University College Dublin,Ireland,"Introduction to Economics, Introduction to Quantitative Economics; Principles of Microeconomics; Pri",Economics I.,KOZG016NABB,2023/24
University College London,United Kingdom,Ethics,Politika és etika,7PO10NCK54B,2024/25
University College London,United Kingdom,Researching Politics and Society,Politikai kutatás módszertana,7PO10NEK86B,2023/24
University College London,United Kingdom,Ethics,Politika és etika,7PO10NCK54B,2023/24
"University of Banja Luka, Faculty of Economics",Russia,Enterprise Economics,Advanced Corporate Finance,PENZ006NAMB,2024/25
"University of Banja Luka, Faculty of Economics",Russia,Financial accounting,Advanced Corporate Finance,PENZ006NAMB,2024/25
"University of Banja Luka, Faculty of Economics",Russia,Microeconomics,Advanced Corporate Finance,PENZ006NAMB,2024/25
"University of Banja Luka, Faculty of Economics",Russia,Management Accounting,Advanced Corporate Finance,PENZ006NAMB,2024/25
"University of Banja Luka, Faculty of Economics",Russia,Financial Management,Advanced Corporate Finance,PENZ006NAMB,2024/25
"University of Banja Luka, Faculty of Economics",Russia,Financial Mathematics,Advanced Corporate Finance,PENZ006NAMB,2024/25
"University of Banja Luka, Faculty of Economics",Russia,Strategic Management,Advanced Corporate Finance,PENZ006NAMB,2024/25
"University of Banja Luka, Faculty of Economics",Russia,Project Management,Advanced Corporate Finance,PENZ006NAMB,2024/25
University of Bern,Switzerland,Data Science for Organizations,Üzleti intelligencia,INIR044NMBB,2024/25
University of Bern,Switzerland,Network Security,IT biztonság,VGAV026NMBB,2024/25
University of Bern,Switzerland,Advanced Valuation,Applied Business Valuation,PSBV110NAMB,2024/25
University of Bern,Switzerland,Financing and Capital Structure,International Corporate Finance,PSBV109NAMB,2024/25
University of Bern,Switzerland,Portfolio Optimization,Empirical Finance,PSBV117NAMB,2024/25
University of Bern,Switzerland,Data Visualization and Machine Learning,Business Intelligence,INIR084NAMB,2024/25
University of Cagliari,Italy,Economics of Globalization,International Economics,4VG32NAK60B,2023/24
University of Debrecen,Hungary,Information Systems,Information Systems Driving Digital Transformation,ADIN030NAMB,2023/24
University of Debrecen,Hungary,Marketing research,Applied Market Research Methods,MARK011NAMB,2023/24
University of Debrecen,Hungary,Marketing Management,Marketing Management,MARK006NAMB,2023/24
University of Debrecen,Hungary,Information System,Information Systems Driving Digital Transformation,ADIN030NAMB,2023/24
University of Debrecen,Hungary,Marketing Research,Advanced Marketing Research,MARK031NAMB,2023/24
University of Debrecen,Hungary,Marketing Management,Marketing Management,MARK006NAMB,2023/24
University of Edinburgh,United Kingdom,Human Resource Management 2,Human Resources Management,293NMANK485B,2023/24
University of Edinburgh,United Kingdom,Economics 1,Microeconomics,293NECOK131B,2023/24
University of Edinburgh,United Kingdom,Economics 1,Macroeconomics,293NECOK136B,2023/24
University of Hohenheim,Germany,International Trade,Nemzetközi kereskedelem,4MA23NAK16B,2023/24
University of Hohenheim,Germany,Controlling als interne Managementfunktion,Menedzsment kontroll (Controlling),2VE81NGK15B,2023/24
University of Hohenheim,Germany,Markt- und Kaufverhaltenforschung,Marktforschung,2DS91NDK02B,2023/24
University of Hull,United Kingdom,Supply Chain Analytics and Information Management,Folyamatmenedzsment és információtechnológia,VTVK036NMMB,2023/24
University of Hull,United Kingdom,Strategic Marketing Planning and Auditing,Marketingmenedzsment,2MA41NAK01M,2023/24
University of Liége,Belgium,Brand Management,Marketingmenedzsment,2MA41NAK01M,2024/25
University of Limerick,Ireland,New Enterprise Creation,Entrepreneurship,VF00131NABB,2024/25
University of Limerick,Ireland,Marketing,Marketing,MAME013NMBB,2024/25
University of Limerick,Ireland,International Economics,International Economics,4VG32NAK60B,2024/25
University of Limerick,Ireland,Global Political Economy,International Political Economy,4VG32NAK61B,2024/25
University of Limerick,Ireland,Government and Politics of the EU,Policies of the EU,7NK40NGK97B,2024/25
University of Limerick,Ireland,Sociology of Globalisation,Global Social Change and Inequalities,7SO30NBKO3B,2024/25
University of Limerick,Ireland,Entrepreneurship and innovation,Vállalkozásindító üzleti koncepció,VF00022NMBB,2023/24
University of Limerick,Ireland,Introduction to Politics and International Relations II. ,Introduction to International Relations,7NK40NCK94B,2023/24
University of Limerick,Ireland,International Economics,International Economics,4VG32NAK60B,2023/24
University of Limerick,Ireland,Government and Politics of the EU,Policies of the EU,7NK40NGK97B,2023/24
University Of Limerick,Ireland,Entrepreneurship and innovation ,Vállalkozásindító üzleti koncepció,VF00022NMBB,2023/24
University of Limerick,Ireland,Human Resource Development,Szervezeti magatartás és HR,VTSM055NMBB,2023/24
University of Limerick,Ireland,Human Resource Development,Szervezeti magatartás és HR,VTSM055NMBB,2023/24
University of Ljubljana,Slovenia,Health Economics,Bevezetés az egészségügy közgazdaságtanába,4KO03NAK35B,2024/25
University of Ljubljana,Slovenia,History of Economic Thought,Közgazdasági elméletek története,KG00029NMBB,2024/25
University of Oslo,Norway,"Development and Sustainability in Contemporary Asia: Connections, Contradictions and Change",Európán kívüli térségek kultúrái és politikai rendszerei,7NK40NGKM1M,2023/24
University of Otago,New Zealand,Introduction to Tourism,Szabadidő és turizmus,MATT010NMBB,2024/25
University of Passau,Germany,Interdisciplinary Lecture Series for Bachelor Students: Fundamentals of Digitalization and Digital T,E-Business,2EB34NCK06B,2023/24
University of Passau,Germany,Personal,Human Resources Management,293NMANK485B,2023/24
University of Passau,Germany,Corporate Finance,Corporate Finance,293NFINK351B,2023/24
University of Porto,Portugal,Políticas Económicas Europeias / European Economic Policies,Central and Eastern Europe and the European Union,NPPT018NAMB,2024/25
University of Southern California,USA,Management Consulting,Business Policy and Strategy,293NBUSS439B,2024/25
University of Southern California,USA,Spreadsheet Modeling for Business Insight,Intelligent Systems,293NCOMK534B,2024/25
University of Southern California,USA,Corporate Financial Strategy,Corporate Finance II. (Financing Policy),293NFINS451B,2024/25
University of Southern California,USA,Operations Management,Operations Management,293NOPRK313B,2024/25
University of Southern California,USA,Special Topics (Sport Marketing),Marketingtervezés (Üzleti esetek),2MA41NCK06B,2023/24
University of Southern California,USA,Marketing in the Entertainment Industry,Médiagazdaságtan,2ME43NCK04B,2023/24
University of St. Gallen,Switzerland,Corporate Finance (MBF),International Corporate Finance,PSBV109NAMB,2024/25
University of St. Gallen,Switzerland,Skills: Experimental Methods in Behavioural Research,Marketing Research in International Markets,MAMF018NABB,2024/25
University of St. Gallen,Switzerland,Business and Market Research,Marketing Research in International Markets,MAMF018NABB,2024/25
University of St. Gallen,Switzerland,International Economics,Global Markets & Players,VF00005NABB,2024/25
University of St. Gallen,Switzerland,Verantwortung/Responsibility: Private Actors in Global Governance,Global Markets & Players,VF00005NABB,2024/25
University of St. Gallen,Switzerland,International Management,Cross-Cultural Management,VTSM012NABB,2024/25
University of St. Gallen,Switzerland,International Relations,Political Science,NPPT008NABB,2024/25
University of St. Gallen,Switzerland,Democratic Choice and Social Welfare,Political Science,NPPT008NABB,2024/25
University of St. Gallen,Switzerland,Global Strategic Management,Üzleti stratégiai esettanulmányok,VGUG022NMMB,2023/24
University of St. Gallen,Switzerland,Skills: Project Management,Egyedi projektek vezetése,VF00023NMBB,2023/24
University of St. Gallen,Switzerland,Strategies and Business Practices of Swiss Global SMEs,Vállalkozásindító üzleti koncepció,VF00022NMBB,2023/24
University of Strasbourg,France,Introduction to Investment and Financial Markets,"Befektetési ismeretek, Bloomberg",PSBV050NMBB,2024/25
University of the West of Scotland,United Kingdom,Policy Analysis & Practice,Kormányzás és szakpolitikák,NPPT047NMMB,2023/24
University of Trento,Italy,The Economics of European Integration,Central and Eastern Europe and the European Union,NPPT018NAMB,2024/25
University of Trento,Italy,Financial Markets and Economic Activity,Capitalism and development in Central and Eastern Europe,GKOI011NAMB,2024/25
University of Warsaw,Poland,International Marketing,Marketing,MAME013NMBB,2024/25
University of Warsaw,Poland,Innovations and International Technology,Innováció és startupok,INSA012NMBB,2024/25
University of West Bohemia,Czech Republic,Social and Cultural Anthropology,"Individual, Community, and Society",TARS050NABB,2024/25
University of West Bohemia,Czech Republic,Contenporary International System,International Politics and Globalization,GLOB038NABB,2024/25
University of Zagreb,Croatia,Entrepreneurship,Entrepreneurship,VF00131NABB,2024/25
Vrije Universiteit Amsterdam,The Netherland,Business Intelligence and Analytics,Üzleti intelligencia,INIR044NMBB,2024/25
Vytautas Magnus University,Lithuania,Business Taxes,Adótan és költségvetés,4PU51NAK030,2024/25
Waseda University,Japan,Regional Integration in the Global Economy (E),Európán kívüli térségek kultúrái és politikai rendszerei,7NK40NGKM1M,2023/24
Wirtschaftsuniversität Wien,Austria,Global Strategic Management A,Global Strategy,2VL60NAK05M,2024/25
Wirtschaftsuniversität Wien,Austria,Data Management and Analytics Group A,Business Intelligence,INIR084NAMB,2024/25
Wirtschaftsuniversität Wien,Austria,International Business Project E,Ethics and Green Finance,PSBV106NAMB,2024/25
Wirtschaftsuniversität Wien,Austria,Operational Production Management,Operations Management,293NOPRK313B,2023/24
Wirtschaftsuniversität Wien,Austria,Fundamentals of Human Resource Management - HRM for non HR Professionals,Human Resources Management,293NMANK485B,2023/24
Wirtschaftsuniversität Wien,Austria,European Law and Economics,Introduction to Legal Studies,293NLAWK462B,2023/24